{
  "kmeans": {
    "silhouette": 0.41236746213478614,
    "davies_bouldin": 0.7722351182460243
  },
  "dbscan": {
    "silhouette": 0.8948656437260208,
    "davies_bouldin": 0.15284711091059616
  },
  "hierarchical": {
    "silhouette": null,
    "davies_bouldin": null
  }
}