{
  "k": 4,
  "silhouette": 0.26800235677209255,
  "davies_bouldin": 1.1337456276659754,
  "peak_hours": [
    0.0,
    12.0,
    15.0,
    18.0,
    19.0
  ],
  "peak_months": [
    6.0,
    7.0,
    8.0
  ]
}