{
  "geographic": {
    "kmeans": {
      "k": 9,
      "silhouette": 0.41236746213478614,
      "davies_bouldin": 0.7722351182460243,
      "inertia": 96754.01206814745
    },
    "dbscan": {
      "eps": 0.003,
      "min_samples": 30,
      "n_clusters": 3168,
      "silhouette": 0.8948656437260208,
      "davies_bouldin": 0.15284711091059616
    },
    "hierarchical": {
      "n_clusters": 9,
      "silhouette": 0.3744216226670473,
      "davies_bouldin": 0.829791821335452
    }
  },
  "temporal": {
    "k": 4,
    "silhouette": 0.2686658438295127,
    "davies_bouldin": 1.1302045185752545,
    "centers_scaled": [
      [
        0.18869277008932347,
        -0.8039678552665366,
        0.9373544459496912
      ],
      [
        0.7032768971659896,
        0.956640293542923,
        0.09112074236683369
      ],
      [
        -1.2846238128998966,
        0.546701794037092,
        -0.019611475114703854
      ],
      [
        0.22244904485010314,
        -0.714506291714686,
        -0.9735899674439801
      ]
    ],
    "counts": {
      "1": 134704,
      "3": 128369,
      "0": 122994,
      "2": 113933
    }
  },
  "selected_geographic_algorithm": {
    "algorithm": "dbscan",
    "score": 0.8948656437260208
  }
}